report_file,spreadsheet_id,report_title,spreadsheet_name,match_score,excel_file
Report0048.py,1E2PjV5T7w1RGeZKEr3ad3L-CMKvtkzwdx53GuH5IxM0,"BitumineuzeLaag heeft steeds een LigtOp relatie naar een Onderbouw. Wanneer niet aan deze voorwaarde voldaan is, geeft dit rapport een aantal suggesties voor Onderbouwen adhv de geometrie.",[RSA] BitumineuzeLaag LigtOp Onderbouw Suggesties,0.39,[RSA] KabelnetToegang heeft steeds een relatie met een andere asset.xlsx
Report0057.py,1aLox-JNzTrwqNzexO6eygpbsUOyqeyy79T6SLUnsLHw,Er zijn geen attributen met de waarde -99999.99 (indicatie voor lege waarde).,[RSA] Assets met -99999.99,0.39,Verlichtingsonderdelen met dezelfde coördinaten.xlsx
Report0058.py,15knbCKB7xWKDX_7utnDBsNe2mYHxGwM6cl8bPwg6q5k,Er zijn geen assets die het doel zijn van twee of meer Voedt relaties.,[RSA] Assets met dubbele voeding,0.44,[RSA] L2 switches horen bij een asset die gevoed wordt.xlsx
Report0172.py,1TfxlJgBUJvRS5xY29ZVIjqHD_2-jpXJrfY1VILuPJhk,Assets zitten volledig omvat in een andere asset van hetzelfde assettype (donut),[RSA] Donut assets zijn niet als donut-polygoon ingetekend,0.47,[RSA] LS_HS met Voedingsrelatie anders dan LS-Deel_HS-Deel.xlsx
Report0059.py,15z-3mTVmjg63EepO1uaN5R5dgFARcfiyrRBbXa3TzUQ,Er zijn geen assets die zichzelf direct of indirect voeden (geen lussen in voeding).,[RSA] Assets met lussen in voeding,0.48,[RSA] Assets met lussen in voeding.xlsx
Report0010.py,1MzUeaGLeqV78IMBuTTFoM47y4nXja993AZnZF21Zu2U,Camera's zijn het doel van een Voedt relatie met een Stroomkring of PoEInjector,[RSA] Camera Voedt relaties,0.52,[RSA] VLAN objecten hebben een HoortBij relatie met een L2AccesStructuur.xlsx
Report0101.py,17gA1IKf5VSF-HslE-C90l2msSNFzCsiakpcn-IlMDtI,Vplan koppelingen,[Vplan] Vplan data EM-Infra,0.53,[RSA] Overlappende gebouwen.xlsx
Report0047.py,1BiRG3GxXF1AjpAoCWW_O7ukg2WeCEvGnhew-_YuclrQ,"Wanneer een BitumineuzeLaag geometrisch op een Onderbouw ligt, dan zijn deze",[RSA] BitumineuzeLaag LigtOp Onderbouw Geometrie,0.56,[RSA] BitumineuzeLaag LigtOp Onderbouw Geometrie.xlsx
Report0216.py,17MTZ2N_jVsUyc53zbzPwFGhDS8u1X6xrrexU-Li-OkU,Verweven assets hebben geen naampad (zijn niet in een boomstructuur op EM-infra gesitueerd),[RSA] Verweven assets hebben geen naampad,0.56,[RSA] Verweven assets hebben geen naampad.xlsx
Report0018.py,1U_27rorzzxcoBOxLoHIN8Vt20idDafrb5DGE_ECWVAw,Linken zijn het doel van exact 2 HoortBij relaties komende van Netwerkpoorten,[RSA] Linken HoortBij 2 Netwerkpoorten,0.6,[RSA] IP elementen hebben HoortBij relatie met een Netwerkelement.xlsx
Report0020.py,1dudUqdNZTf1lPcAFbv_kSTI0gIBvAkX0TUumvwR-O7M,Zpaden zijn het doel van exact 2 HoortBij relaties komende van Netwerkpoorten,[RSA] Zpaden HoortBij 2 Netwerkpoorten,0.6,[RSA] IP elementen hebben HoortBij relatie met een Netwerkelement.xlsx
Report0046.py,1eFVzTiSiPASlvTE4tva9Vw1on5Z8AJNalj4im8tRops,Een Onderbouw heeft steeds een ligtOp relatie naar een Geotextiel,[RSA] Onderbouw LigtOp Geotextiel,0.6,[RSA] KabelnetBuis heeft steeds een relatie met een andere asset.xlsx
Report0012.py,1ZHc-mdiViQlOKTUtcR_vzvk-DyFiqhwUv5Gf52Q6bm4,Camera's hebben een Bevestiging relatie tenzij ze tot een tunnel behoren,[RSA] Camera_s Bevestiging relaties,0.61,[RSA] Verkeersregelaars hebben een Bevestiging relatie naar een Wegkantkast.xlsx
Report0019.py,1EsUciU3KV5EoDwv3NbAz-1SIPGXsRUrLQOTMZSstkZI,Paden zijn het doel van exact 2 HoortBij relaties komende van Netwerkpoorten,[RSA] Paden HoortBij 2 Netwerkpoorten,0.61,[RSA] IP elementen hebben HoortBij relatie met een Netwerkelement.xlsx
Report0084.py,1pGZUOMXLeWRo0Ykzshxt9PJN2tCbznsBxQf0mgh7Zos,Verkeersregelaars hebben een vplannummer en vplandatum dat overeenkomt met het legacy vplan,[RSA] Verkeersregelaars hebben een correct vplan,0.61,[RSA] Verkeersregelaars hebben een vplanNummer volgens bepaalde syntax.xlsx
Report0000.py,1SK0UVeKnJe0eQaktKMFjeJSg16wZ4SAW-W8wz16x3Tg,testsheet (dev only),[RSA] Testsheet,0.62,[RSA] Testsheet.xlsx
Report0014.py,1iVs6wP1WcdHxEUsx5N_NlunvGU4LycRUO1_4j03Nwzo,Stroomkringen en Laagspanningsborden hebben een HoortBij relatie met een LSDeel object,[RSA] Stroomkring LSBord HoortBij relaties,0.62,[RSA] IP Netwerkelementen hebben een hoortbij relatie met een legacy element IP.xlsx
Report0037.py,1mPx2y3XvOGNCRoYPLTHv6Xb5kn4bQCt3Aii0zT7ZdUc,L2 switches worden gevoed,[RSA] L2 switches horen bij een asset die gevoed wordt,0.63,[RSA] L2 switches horen bij een asset die gevoed wordt.xlsx
Report0045.py,1WRzZGpDXwtjg0CYa54pQBeYPfosNqe1-4g5c_xKWvrM,Een BitumineuzeLaag heeft steeds een ligtOp relatie naar een Onderbouw,[RSA] BitumineuzeLaag LigtOp Onderbouw,0.63,[RSA] BitumineuzeLaag LigtOp Onderbouw.xlsx
Report0116.py,11tU64Fc9Xh1IIlmufZ5yJ9Q99Sw4oP1kzCO0LrMbOn0,"De naam van de assets (DNBHoogSpanning of DNBLaagSpanning, spreadsheet_name=",[RSA] De naam van de assets (DNBHoogSpanning of DNBLaagSpanning) is gelijk aan het eerste deel van het naampad van de installatie,0.64,[RSA] De naam van de assets (DNBHoogSpanning of DNBLaagSpanning) is gelijk aan het eerste deel van het naampad van de installatie.xlsx
Report0005.py,1daDivHkKfMRamwgpty9swGF4Kz68MBjJlSE5SR2GqFQ,Verkeersregelaars en TLCfiPoorten hebben een HoortBij relatie naar VRLegacy objecten,[RSA] VRLegacy Hoortbij relaties,0.65,[RSA] IP Netwerkelementen hebben een hoortbij relatie met een legacy element IP.xlsx
Report0006.py,1_yLv--qorkqbx5ym_qBUTxc6b7mOvdm5kD8SrWPkB5I,Wegkantkasten hebben een HoortBij relatie naar Kast objecten,[RSA] Kast HoortBij relaties,0.65,[RSA] VRI Wegkantkasten hebben een conforme naam.xlsx
Report0184.py,1tFLD_Ah9V3S6V3RcFsToEs7OWW5U26q6TIuOW5jLHrI,"Laagspanningsaansluiting (Legacy, spreadsheet_name=",[RSA] Laagspanningsaansluiting (Legacy) of Kast (Legacy) keuringsinfo,0.65,[RSA] Laagspanningsaansluiting (Legacy) of Kast (Legacy) keuringsinfo.xlsx
Report0025.py,1PwWn1E4VRsXRa8L7Lh0Pmjy1Z0ZKCoclDO0bvHx3EaY,Linken hebben een HoortBij relatie naar Pad objecten,[RSA] Linken HoortBij Pad,0.66,[RSA] Onderdelen moeten een HoortBij relatie hebben.xlsx
Report0026.py,18KfmYhpxc75ECyN54WFtKrG4Hdz6GPCXzH5i8Zi0144,Paden hebben een HoortBij relatie naar Zpad objecten,[RSA] Paden HoortBij Zpad,0.66,[RSA] Onderdelen moeten een HoortBij relatie hebben.xlsx
Report0013.py,1az4rh44wIf0KkILgQqV0iJeb47SbRW-dgq_DP3GDDeo,Stroomkringen hebben een Bevestiging relatie met een Laagspanningsbord,[RSA] Stroomkring Bevestiging relaties,0.67,[RSA] NNI Netwerkpoorten hebben een Sturing relatie met een NNI Netwerkpoort.xlsx
Report0031.py,1k5uUwLmf5IFVhftY7klBmylWtuEBwP8URjYPMcAB71w,Netwerkelementen met gebruik,[RSA] L2 Netwerkelementen hebben een HoortBij relatie met een L2AccesStructuur,0.67,[RSA] OTN Netwerkelement naamgeving.xlsx
Report0194.py,1P-6URGL4nQujCzeeuHq50GMLWYRpMCXaf9gjouYTLMU,"CabineControllers (Afstandsbewaking, spreadsheet_name=",[RSA] CabineControllers (Afstandsbewaking) hebben een (afgeleide) locatie,0.68,[RSA] CabineControllers (Afstandsbewaking) hebben een (afgeleide) locatie.xlsx
Report0009.py,1A4kata3Eg9fMjsUE8Za5XEtcF7JEm_-IftHhGz6SnJo,Omvormers hebben een Bevestiging relatie met een Behuizing,[RSA] Omvormer Bevestiging relaties,0.69,[RSA] Verkeersregelaars hebben een Bevestiging relatie naar een Wegkantkast.xlsx
Report0149.py,1e5IMxYTF7jpK7q-yYp2cHTWsQtd_1CIsOQjvluJL0XM,"Dubbele bomen (Limburg, spreadsheet_name=",[RSA] Dubbele bomen (Limburg),0.69,[RSA] Dubbele bomen (Limburg).xlsx
Report0060.py,1od9125ZSoFG6fGwvoS8CSCz-Bne4N8vVBXORjYhtjQY,Er zijn geen conflicten tussen EAN-nummers (dubbel EAN-nummer).,[RSA] Geen conflicten tussen EAN-nummers,0.7,[RSA] Geen conflicten tussen EAN-nummers.xlsx
Report0191.py,1zupt-USHoNmNI1xFuv5fkBNpiucbyH_19NnIOQ90sfk,"Laagspanningsgedeelte (Legacy, spreadsheet_name=",[RSA] Laagspanningsgedeelte (Legacy) keuringsinfo,0.7,[RSA] Laagspanningsgedeelte (Legacy) keuringsinfo.xlsx
Report0061.py,1M8NE8RxnEJdG-8suCjKOzh96O6pGUcfmFi83ePO3glc,Het EAN nummer van een DNBLaagspanning of DNBHoogspanning is geldig (checksum).,[RSA] Geldigheid EAN nummer DNBLaagspanning of DNBHoogspanning,0.71,[RSA] Geldigheid EAN nummer DNBLaagspanning of DNBHoogspanning.xlsx
Report0148.py,1UMM-nC9T5QyKKevPU6bRYjh70dTlFAkbJQKiJKiJ0Xg,"Dubbele bomen (Antwerpen, spreadsheet_name=",[RSA] Dubbele bomen (Antwerpen),0.71,[RSA] Dubbele bomen (Antwerpen).xlsx
Report0189.py,1cTynPJ7ufAiVPJzIAt9qufDR8Mba2nMeyTjgI2mqrgc,"Agent EMT_VHS (rol=toezichtsgroep, spreadsheet_name=",[RSA] Agent EMT_VHS (rol=toezichtsgroep) bevat geen assets (OTL),0.71,[RSA] Agent EMT_VHS (rol=toezichtsgroep) bevat geen assets (OTL).xlsx
Report0007.py,1NKB8J6is9xTrIrDcZAP_IraBqs65JhTpoCLDMaT881A,Camera's hebben een Sturing relatie met een Netwerkpoort of Omvormer,[RSA] Camera_s Sturing relaties,0.72,[RSA] NNI Netwerkpoorten hebben een Sturing relatie met een NNI Netwerkpoort.xlsx
Report0147.py,16Ge-0TnI9AsAv1bENiOX0E49FWS_sB7NmOL4Z4CXEJc,"Dubbele bomen (Vlaams-Brabant, spreadsheet_name=",[RSA] Dubbele bomen (Vlaams-Brabant),0.74,[RSA] Dubbele bomen (Vlaams-Brabant).xlsx
Report0154.py,16EmsvsSgwCXfJ7HXmVCXaFIw58yVoqVQReyWZV09xzc,"Dubbele Straatkolken (Limburg, spreadsheet_name=",[RSA] Dubbele Straatkolken (Limburg),0.74,[RSA] Dubbele Straatkolken (Limburg).xlsx
Report0145.py,1rqDPhMkGU1Y0gwOoJ6HHHaH055hu0DNSaAZOXp3896w,"Dubbele bomen (West-Vlaanderen, spreadsheet_name=",[RSA] Dubbele bomen (West-Vlaanderen),0.75,[RSA] Dubbele bomen (West-Vlaanderen).xlsx
Report0146.py,19vxyBuwy-JO3U3tCYNmrk2YXBEP8vO51oyGfvfb88sQ,"Dubbele bomen (Oost-Vlaanderen, spreadsheet_name=",[RSA] Dubbele bomen (Oost-Vlaanderen),0.75,[RSA] Dubbele bomen (Oost-Vlaanderen).xlsx
Report0016.py,16NJCwhrHnYuz6Z9leqGswfOR0bt7EdBK_GonPB-3y7o,Netwerkpoorten hebben een Bevestiging relatie met een Netwerkelement of een Netwerkkaart,[RSA] Netwerkpoort Bevestiging relaties,0.76,[RSA] NNI Netwerkpoorten hebben een Sturing relatie met een NNI Netwerkpoort.xlsx
Report0153.py,1Vjy4Krsw_kiW6pRtMCDAIOpPH6GhypkskrwZkq1jlZ4,"Dubbele Straatkolken (Antwerpen, spreadsheet_name=",[RSA] Dubbele Straatkolken (Antwerpen),0.76,[RSA] Dubbele Straatkolken (Antwerpen).xlsx
Report0017.py,1b2b1b2b1b2b1b2b1b2b1b2b1b2b1b2b1b2b1b2b1b2b,Netwerkelementen hebben een Bevestiging relatie met een Netwerkkaart,[RSA] Netwerkkaart Bevestiging relaties,0.77,
Report0030.py,1ZAZ8chzMbLEyGd-cbZM6S7Uw4aNOrBmAE1KWnbyvdK4,"Netwerkelementen hebben een (afgeleide, spreadsheet_name=",[RSA] Netwerkelementen hebben een (afgeleide) locatie,0.77,[RSA] Netwerkelementen hebben een (afgeleide) locatie.xlsx
Report0040.py,1WLXykE5pX9wiBqnSgJ1HTE8dtkjRydMxAnccLV3T1_U,DNBLaagspanning/DNBHoogspanning hebben een HoortBij relatie naar LS/HS respectievelijk,[RSA] DNBLaagspanning en DNBHoogspanning hebben een HoortBij naar legacy,0.78,[RSA] DNBLaagspanning en DNBHoogspanning hebben een HoortBij naar legacy.xlsx
Report0152.py,1kBvIwl4MPRmgd-E3sMma94FQqSy5wdp8wMIxWpyJCdI,"Dubbele Straatkolken (Vlaams-Brabant, spreadsheet_name=",[RSA] Dubbele Straatkolken (Vlaams-Brabant),0.78,[RSA] Dubbele Straatkolken (Vlaams-Brabant).xlsx
Report0193.py,1O3e83o3Aa-b0eW3xMBjCZoG6b5vNfY9PAXmeULjo1as,"SegmentControllers hebben een (afgeleide, spreadsheet_name=",[RSA] SegmentControllers hebben een (afgeleide) locatie,0.78,[RSA] SegmentControllers hebben een (afgeleide) locatie.xlsx
Report0081.py,1v7sqt0OumZ0rEhRVFTwnl_4vNoWj3G0QSsUTKHxSOaE,Verkeersregelaars hebben als naam een conforme installatienummer,[RSA] Verkeersregelaars hebben een conforme naam,0.79,[RSA] Verkeersregelaars hebben een conforme naam.xlsx
Report0150.py,1PYB4WZPlPb2C0pEmOF1oxSluWI5Rbo_oxZAjZfp0X28,"Dubbele Straatkolken (West-Vlaanderen, spreadsheet_name=",[RSA] Dubbele Straatkolken (West-Vlaanderen),0.79,[RSA] Dubbele Straatkolken (West-Vlaanderen).xlsx
Report0151.py,1HbiuP5UtGlgTFqd_lk14Uqsw8R9zoAxPHCWR83BeLis,"Dubbele Straatkolken (Oost-Vlaanderen, spreadsheet_name=",[RSA] Dubbele Straatkolken (Oost-Vlaanderen),0.79,[RSA] Dubbele Straatkolken (Oost-Vlaanderen).xlsx
Report0128.py,1037M4_aDq9pF3ntRZhClYEB_GZxAdz5b82qH5WaeZv0,Afstand tussen legacy en OTL-voorstelling van de asset,[RSA] Afstand tussen legacy en OTL-voorstelling van de asset _Mast_ is aanvaardbaar,0.82,[RSA] Afstand tussen legacy en OTL-voorstelling van de asset _Mast_ is aanvaardbaar.xlsx
Report0083.py,1KQU0DrpB-LmU-DNOSzshYSA14aRmeomYcMF1xTm2Zek,Verkeersregelaars hebben een voltage lampen die 42 of 230 is,[RSA] Verkeersregelaars hebben een voltage lampen,0.83,[RSA] Verkeersregelaars hebben een voltage lampen.xlsx
Report0188.py,1PvWx9ksfXI0iUemdm_tI0gs2t4EfhVQtZXsFf4M_cqs,"Toezichtsgroep EMT_VHS bevat geen assets (Legacy, spreadsheet_name=",[RSA] Toezichtsgroep EMT_VHS bevat geen assets (Legacy),0.83,[RSA] Toezichtsgroep EMT_VHS bevat geen assets (Legacy).xlsx
Report0035.py,1DfUOm6Z38BYR7R809wiUDNrd8Fj4O-dC59ylHn99iqE,"Bestekkoppelingen die bijna vervallen (komende 30 dagen, spreadsheet_name=",[RSA] Bestekkoppelingen die bijna vervallen (komende 30 dagen),0.85,[RSA] Bestekkoppelingen die bijna vervallen (komende 30 dagen).xlsx
Report0041.py,1_3NxUvqS6v_j9d7K4QzWBvN3ISveJ-poxW4_0XYEYFM,EnergiemeterDNB en ForfaitaireAansluiting hebben een HoortBij relatie naar een LS of HS,[RSA] EnergiemeterDNB en ForfaitaireAansluiting hebben een HoortBij naar legacy,0.85,[RSA] EnergiemeterDNB en ForfaitaireAansluiting hebben een HoortBij naar legacy.xlsx
Report0177.py,1sM-Xm7gCtXo9duBF-zcSmIOPja1B4cSzDibJpaJ7WOE,"Actieve assets met toestand verwijderd (zichtbaar in Elisa-Infra, spreadsheet_name=",[RSA] Actieve assets met toestand verwijderd (zichtbaar in Elisa-Infra),0.86,[RSA] Actieve assets met toestand verwijderd (zichtbaar in Elisa-Infra).xlsx
Report0190.py,1BI4q-FF97SAWPtvkDH6rVnNu1CBc3ddQp5bNfjZiO7U,"Toezichtsgroep en Schadebeheerder zijn tegengesteld (Legacy, spreadsheet_name=",[RSA] Toezichtsgroep en Schadebeheerder zijn tegengesteld (Legacy),0.86,[RSA] Toezichtsgroep en Schadebeheerder zijn tegengesteld (Legacy).xlsx
Report0086.py,1EJjhp70-7bbrHaTbqPuZdn86rrXw30TEUYns7Kvi1dQ,Verkeersregelaars hebben een ingevulde toestand,[RSA] Verkeersregelaars hebben een toestand,0.88,[RSA] Verkeersregelaars hebben een toestand.xlsx
Report0157.py,1CZFtjX0ANRfmEXc-6-ElJ-hgRuwY3FdHZBxeiJVKtxE,"Assets zonder geometrie gelinkt aan TV-Proximus Trafiroad (dossier: HVV.089; bestek: 2017-R3-043, spreadsheet_name=",[RSA] Assets zonder geometrie gelinkt aan TV-Proximus Trafiroad (dossier_ HVV.089_ bestek_ 2017-R3-043),0.88,[RSA] Assets zonder geometrie gelinkt aan TV-Proximus Trafiroad (dossier_ HVV.089_ bestek_ 2017-R3-043).xlsx
Report0137.py,1HBOnmY6Q7ed3zeRMVlVL7EC6S9PiMa6gv80AWcdrve8,"Bijhorende assets hebben een verschillende toezichtshouder (assettype = Signaalkabel, spreadsheet_name=",[RSA] Bijhorende assets hebben een verschillende toezichtshouder (assettype = Signaalkabel),0.89,[RSA] Bijhorende assets hebben een verschillende toezichtshouder (assettype = Signaalkabel).xlsx
Report0138.py,10k_HmpIGsBW1pISnZZrrI-PmIanxgyGG4c59J6V_YGs,"Bijhorende assets hebben een verschillende toezichtshouder (assettype = Voedingskabel, spreadsheet_name=",[RSA] Bijhorende assets hebben een verschillende toezichtshouder (assettype = Voedingskabel),0.89,[RSA] Bijhorende assets hebben een verschillende toezichtshouder (assettype = Voedingskabel).xlsx
Report0139.py,1unBJL8JSNflw3GCeHeZdhXyghZfo-llg7py5SmkvMMg,"Bijhorende assets hebben een verschillende toezichtshouder (assettype = Beschermbuis, spreadsheet_name=",[RSA] Bijhorende assets hebben een verschillende toezichtshouder (assettype = Beschermbuis),0.89,[RSA] Bijhorende assets hebben een verschillende toezichtshouder (assettype = Beschermbuis).xlsx
Report0140.py,1E2vu5AtwpnZbQeJY5sTWqEI8EYYJ6QdEh6yfjPaA-0Q,"Bijhorende assets hebben een verschillende toezichtshouder (assettype = WVLichtmast, spreadsheet_name=",[RSA] Bijhorende assets hebben een verschillende toezichtshouder (assettype = WVLichtmast),0.89,[RSA] Bijhorende assets hebben een verschillende toezichtshouder (assettype = WVLichtmast).xlsx
Report0141.py,1GVAhyNSqWLhnyCRoTiKnUJvJfRXLcfKLHSS8RtZ-ssM,"Bijhorende assets hebben een verschillende toezichtshouder (assettype = overige, spreadsheet_name=",[RSA] Bijhorende assets hebben een verschillende toezichtshouder (assettype = overige),0.89,[RSA] Bijhorende assets hebben een verschillende toezichtshouder (assettype = overige).xlsx
Report0085.py,11QZWCKGmGAkWWECLqtbuV4URFo3Gj4obrW4fMcEOT5s,Verkeersregelaars hebben een ingevulde theoretische levensduur,[RSA] Verkeersregelaars hebben een theoretische levensduur,0.91,[RSA] Verkeersregelaars hebben een theoretische levensduur.xlsx
Report0195.py,1xFCTQpOty0ur3Tgn-rYmHs4jonZkA5l794Neid1kaCw,Kast (Legacy) hebben een locatie,[RSA] Kast (Legacy) heeft een locatie,0.92,[RSA] Kast (Legacy) heeft een locatie.xlsx
Report0125.py,1FVilNqQXxNI0HB9Zu2Dc4e9McODPw-eDPeG0h3i0_x4,KabelnetToegang heeft een relatie met een andere asset,[RSA] KabelnetToegang heeft steeds een relatie met een andere asset,0.94,[RSA] KabelnetToegang heeft steeds een relatie met een andere asset.xlsx
Report0127.py,1miMzTSeLtpLlK61lijv1Fzh88xC4U9RKVmwZnMjmdPU,KabelnetBuis heeft een relatie met een andere asset,[RSA] KabelnetBuis heeft steeds een relatie met een andere asset,0.94,[RSA] KabelnetBuis heeft steeds een relatie met een andere asset.xlsx
Report0113.py,1QpiwBAmNRIi-GP4EDfIUxMI_LV-qMMnjwzzaYk-ZoBc,Dubbele geometrie - Galgpaal,[RSA] Dubbele geometrie_ Galgpaal,0.95,[RSA] Dubbele geometrie_ Galgpaal.xlsx
Report0187.py,1R4M4Q4dPXeEh4kvnu8sN_EcfX2DNdvV2VsU6kCuQA7k,Toezichtsgroepen bevatten geen Legacy-assets: AWV_EW_AN; AWV_EW_VB; AWV_EW_OW; AWV_EW_WV; AWV_EW_LB,[RSA] Toezichtsgroepen bevatten geen Legacy-assets_ AWV_EW_AN_ AWV_EW_VB_ AWV_EW_OW_ AWV_EW_WV_ AWV_EW_LB,0.95,[RSA] Toezichtsgroepen bevatten geen Legacy-assets_ AWV_EW_AN_ AWV_EW_VB_ AWV_EW_OW_ AWV_EW_WV_ AWV_EW_LB.xlsx
Report0155.py,19jhMsSzcxBHTjveVWMJWXRlKxYKlw1r0m5j5JSMfJ4k,LS/HS met Voedingsrelatie anders dan LS-Deel/HS-Deel,[RSA] LS_HS met Voedingsrelatie anders dan LS-Deel_HS-Deel,0.96,[RSA] LS_HS met Voedingsrelatie anders dan LS-Deel_HS-Deel.xlsx
Report0015.py,1GM6mBwfsLkEELjroSw-df6A2HXSQnOFAeudUzTybMQE,Camera's hebben een unieke naam,[RSA] Camera_s hebben een unieke naam,0.97,[RSA] Camera_s hebben een unieke naam.xlsx
Report0023.py,1jkBCSgtZ8jlwA-Ah62I17pVtybrqPZSreXgrC6kWKoQ,Camera's hebben een toezichter,[RSA] Camera_s hebben een toezichter,0.97,[RSA] Camera_s hebben een toezichter.xlsx
Report0107.py,1aUVoYhqKe1k4KwuAyNcfWXkH9uwj1Cls_ufH2j37gNg,Geometrie is geldig: in Vlaanderen gelegen,[RSA] Geometrie is geldig_ in Vlaanderen gelegen,0.98,[RSA] Geometrie is geldig_ in Vlaanderen gelegen.xlsx
Report0108.py,1glkACdbjMyh81DFyxuKpC1yNjDZeWjDH_kxAyw-TkY0,"Geometrie is geldig: enkelvoudig punt, lijn of vlak","[RSA] Geometrie is geldig_ enkelvoudig punt, lijn of vlak",0.98,"[RSA] Geometrie is geldig_ enkelvoudig punt, lijn of vlak.xlsx"
Report0109.py,1AmtcjAkh5H95O_lXtd4p_MHeoqFpQKQlIRfQk3MxGQ4,Geometrie is geldig: geen opeenvolgende punten,[RSA] Geometrie is geldig_ geen opeenvolgende punten,0.98,[RSA] Geometrie is geldig_ geen opeenvolgende punten.xlsx
Report0110.py,1s8IdTaTSo0tMNKU59hTj5SgrJFt3bTG1DbidwFrXIv0,Geometrie is geldig: Open Geospatial Consortium standaard,[RSA] Geometrie is geldig_ Open Geospatial Consortium standaard,0.98,[RSA] Geometrie is geldig_ Open Geospatial Consortium standaard.xlsx
Report0123.py,1gbwsmeKicH0_IJVfK05JD4RC93RkWa9zVUO1TEpLqxA,Geometrie is geldig: realistische grootte,[RSA] Geometrie is geldig_ realistische grootte,0.98,[RSA] Geometrie is geldig_ realistische grootte.xlsx
Report0120.py,1sBJEGOpcGfrjvBWGAkBU_vnWirsGwq2cL8faX3vdapI,Niet-verweven OTL-assets hebben alsnog een naampad.,[RSA] Niet-verweven OTL-assets hebben alsnog een naampad,0.99,[RSA] Niet-verweven OTL-assets hebben alsnog een naampad.xlsx
Report0131.py,1H2g6_SGcGPqRIDKxGavSQtZRFUCGpOddgvm6vJyxvEI,Geometrie Polygoon heeft 3 of meer identieke punten en is visueel een punt.,[RSA] Geometrie Polygoon heeft 3 of meer identieke punten en is visueel een punt,0.99,[RSA] Geometrie Polygoon heeft 3 of meer identieke punten en is visueel een punt.xlsx
Report0175.py,1qoXaCy5U2H-HloAHNojkuraN4Du1D0gWy6yr4nY2BjQ,SegmentControllers (SegC (OTL) - [HoortBij] - SegC (LGC)) hebben identieke serienummers.,[RSA] SegmentControllers (SegC (OTL) - [HoortBij] - SegC (LGC)) hebben identieke serienummers,0.99,[RSA] SegmentControllers (SegC (OTL) - [HoortBij] - SegC (LGC)) hebben identieke serienummers.xlsx
Report0176.py,1F9BXJrnr-hdoLnQ9L7UctGF16IyUQqlV7hRJzy1WlO0,"Dubbele assets op kruispunt: Galgpaal, Seinbrug, Boogpaal, Rechte Steun","[RSA] Dubbele assets op kruispunt_ Galgpaal, Seinbrug, Boogpaal, Rechte Steun",0.99,"[RSA] Dubbele assets op kruispunt_ Galgpaal, Seinbrug, Boogpaal, Rechte Steun.xlsx"
Report0200.py,1A0CqgpEDRN0Zdet0QFQM8T90VFTpQ6_qL2GqHc9i3J0,Assets hebben foutieve toezichters,[RSA] Assets hebben foutieve toezichters_,0.99,[RSA] Assets hebben foutieve toezichters_.xlsx
Report0219.py,1gUDGRCTpwUK-ygXBigM0Jeyo05RpbKhiGWsEzL0MWgk,Identieke (niet-unieke) EAN-nummers bij meerdere assets (assettypes: DNBLaagspanning en DNBHoogspanning),[RSA] Identieke (niet-unieke) EAN-nummers bij meerdere assets (assettypes_ DNBLaagspanning en DNBHoogspanning),0.99,[RSA] Identieke (niet-unieke) EAN-nummers bij meerdere assets (assettypes_ DNBLaagspanning en DNBHoogspanning).xlsx
Report0220.py,1ZLoygJt-wIiOLOcRtk8s1xDDAX-nrSpGvtSjEW99Lq0,EAN-nummer ontbreekt (assettypes: DNBLaagspanning en DNBHoogspanning),[RSA] EAN-nummer ontbreekt (assettypes_ DNBLaagspanning en DNBHoogspanning),0.99,[RSA] EAN-nummer ontbreekt (assettypes_ DNBLaagspanning en DNBHoogspanning).xlsx
Report0002.py,1C4OvyX6uQfe3eKa8A_ClsTfnmAcBy-45Q-18htdxHHM,TLCfipoorten hebben een sturingsrelatie naar een Verkeersregelaar,[RSA] TLCfipoorten hebben een sturingsrelatie naar een Verkeersregelaar,1,[RSA] TLCfipoorten hebben een sturingsrelatie naar een Verkeersregelaar.xlsx
Report0003.py,1tud5st23sWAKYxdtGUmNHS1Tt54GW31HwkJPaXYXrtE,Verkeersregelaars hebben een Bevestiging relatie naar een Wegkantkast,[RSA] Verkeersregelaars hebben een Bevestiging relatie naar een Wegkantkast,1,[RSA] Verkeersregelaars hebben een Bevestiging relatie naar een Wegkantkast.xlsx
Report0004.py,1aGZFPAeFgkQgU2XcrKhVKK1NPu-OEPuskPvWsnAyEYU,Verkeersregelaars hebben een unieke naam,[RSA] Verkeersregelaars hebben een unieke naam,1,[RSA] Verkeersregelaars hebben een unieke naam.xlsx
Report0032.py,1CNSGgZbARVwRzrMB5a2LrSz-HJblvzAGWODsPOFE1jo,Netwerkpoorten hebben een type,[RSA] Netwerkpoorten hebben een type,1,[RSA] Netwerkpoorten hebben een type.xlsx
Report0033.py,12urCVlUXm_KbNCrQS1MH5kVqNKak3n5DdQlAnk8mn9w,VLAN objecten hebben een HoortBij relatie met een L2AccesStructuur,[RSA] VLAN objecten hebben een HoortBij relatie met een L2AccesStructuur,1,[RSA] VLAN objecten hebben een HoortBij relatie met een L2AccesStructuur.xlsx
Report0034.py,1Q0ypijGhIMmax4iR3DHHu4FMYVbkU_LCQhBAyzbIA2k,NNI Netwerkpoorten hebben een Sturing relatie met een NNI Netwerkpoort,[RSA] NNI Netwerkpoorten hebben een Sturing relatie met een NNI Netwerkpoort,1,[RSA] NNI Netwerkpoorten hebben een Sturing relatie met een NNI Netwerkpoort.xlsx
Report0038.py,1rDCUE7kj0ZcCVtFe2EiIqKMz7fdR5J6mtpU6lRpzpbI,IP AS1 elementen hebben een .ODF TT tegenhanger,[RSA] IP AS1 elementen hebben een .ODF TT tegenhanger,1,[RSA] IP AS1 elementen hebben een .ODF TT tegenhanger.xlsx
Report0039.py,1DZjg3zbcoY7_9Q0qj74KkgLL3eOwWa7e4_0SlbLMM5o,Lichtmast LED,[RSA] Lichtmast LED,1,[RSA] Lichtmast LED.xlsx
Report0042.py,1QloH-HeEqyMpg2hnbAPSv8tLpxsLDOaXcPMywTj_Oi4,EnergiemeterDNB en ForfaitaireAansluiting worden gevoed door een DNBLaagspanning,[RSA] EnergiemeterDNB en ForfaitaireAansluiting worden gevoed door een DNBLaagspanning,1,[RSA] EnergiemeterDNB en ForfaitaireAansluiting worden gevoed door een DNBLaagspanning.xlsx
Report0043.py,1rpYt_EKa5YOCDBdzmrAcV6vwoy3hccblR6_spaV2ziI,Instanties van deprecated classes,[RSA] Instanties van deprecated classes,1,[RSA] Instanties van deprecated classes.xlsx
Report0044.py,1GFfEoWVvi0-BpFvrPQUG6w5AuMcoyVk9Kutf9ux8bOE,Ingevulde deprecated attributen,[RSA] Ingevulde deprecated attributen,1,[RSA] Ingevulde deprecated attributen.xlsx
Report0062.py,1hX4KW6lRgUWb-uhtmdmBVeHUb-7xDs1Mg5sCvMZ-jhA,Failover assets,[RSA] Failover assets,1,[RSA] Failover assets.xlsx
Report0075.py,1n2_75LTrJ9UazN6qQaDSZ6LT2q8IDjxJLaRmqUnikbs,Verkeersregelaars hebben een toezichter,[RSA] Verkeersregelaars hebben een toezichter,1,[RSA] Verkeersregelaars hebben een toezichter.xlsx
Report0076.py,1JGhVFeXXejMHRupSqqKgSEaz384vf4NNrJ8OyDs4NeM,Verkeersregelaars hebben een installatieverantwoordelijke,[RSA] Verkeersregelaars hebben een installatieverantwoordelijke,1,[RSA] Verkeersregelaars hebben een installatieverantwoordelijke.xlsx
Report0077.py,10K9cwkJIJQ2sXb71rvqm1MqtSj5k2M5FKtYUhE4mf2E,Verkeersregelaars hebben een ingevulde datum oprichting object,[RSA] Verkeersregelaars hebben een ingevulde datum oprichting object,1,[RSA] Verkeersregelaars hebben een ingevulde datum oprichting object.xlsx
Report0078.py,1uhl_HnxT5H9XrEjswHlkR_jvl4nx99ss9UOM-3Yjy_M,Verkeersregelaars hebben een coördinatiewijze,[RSA] Verkeersregelaars hebben een coördinatiewijze,1,[RSA] Verkeersregelaars hebben een coördinatiewijze.xlsx
Report0079.py,1xdMtHKwBHN23eNMjAKyAVvyl2oAQuzauefuOx6jEQNk,Verkeersregelaars hebben een merk,[RSA] Verkeersregelaars hebben een merk,1,[RSA] Verkeersregelaars hebben een merk.xlsx
Report0080.py,1JVX_XvZVgys7ntqWMDn32RolZPg_BvXpBIclMmQXxKI,Verkeersregelaars hebben een modelnaam,[RSA] Verkeersregelaars hebben een modelnaam,1,[RSA] Verkeersregelaars hebben een modelnaam.xlsx
Report0082.py,11cw17fcyvJGy_QxYkou8rtChKKhoOYFqNfHoNi71XU8,Verkeersregelaars hebben een programmeertool,[RSA] Verkeersregelaars hebben een programmeertool,1,[RSA] Verkeersregelaars hebben een programmeertool.xlsx
Report0087.py,13Y1AmHPji5z-Zy-uDF6-YstSF0DKDx2oKUHCs7iU6mU,VRI Wegkantkasten hebben een ingevulde datum oprichting object,[RSA] VRI Wegkantkasten hebben een ingevulde datum oprichting object,1,[RSA] VRI Wegkantkasten hebben een ingevulde datum oprichting object.xlsx
Report0088.py,1WgLd7ESfGiJadbfALzJEwNG2-dNhUZALltPqk9WTynw,VRI Wegkantkasten hebben een afmeting,[RSA] VRI Wegkantkasten hebben een afmeting,1,[RSA] VRI Wegkantkasten hebben een afmeting.xlsx
Report0089.py,1kt7UYbiXzf222WnZB-dTTYzp3cIMjAA9WFi0Z2BvvCU,VRI Wegkantkasten hebben een elektrisch schema,[RSA] VRI Wegkantkasten hebben een elektrisch schema,1,[RSA] VRI Wegkantkasten hebben een elektrisch schema.xlsx
Report0090.py,12-I-t8_kBb2TPfiFzDbdAOa0QwlscXvHBWjIos6ucbI,VRI Wegkantkasten hebben een indelingsplan,[RSA] VRI Wegkantkasten hebben een indelingsplan,1,[RSA] VRI Wegkantkasten hebben een indelingsplan.xlsx
Report0091.py,1GpRwKm-Ua-HedNI7PGULSfLbZ8PekT8vZk4NvVdBCeI,VRI Wegkantkasten hebben een ingevulde maaibescherming,[RSA] VRI Wegkantkasten hebben een ingevulde maaibescherming,1,[RSA] VRI Wegkantkasten hebben een ingevulde maaibescherming.xlsx
Report0092.py,1NMv8jIX0x-WBOrks5fIyAL6FNjlwbKqOVJpFQBCfjrk,VRI Wegkantkasten hebben een ingevulde verlichting,[RSA] VRI Wegkantkasten hebben een ingevulde verlichting,1,[RSA] VRI Wegkantkasten hebben een ingevulde verlichting.xlsx
Report0093.py,1avx8BOU2bvwYBmE0_ntKVcz6Uy3-o72mNXgHZMWeaSU,VRI Wegkantkasten hebben een ingress protection klasse,[RSA] VRI Wegkantkasten hebben een ingress protection klasse,1,[RSA] VRI Wegkantkasten hebben een ingress protection klasse.xlsx
Report0094.py,1bxcPvW1g-11exvZmVbsvZZRvfk0GEhN2HGxd4AUHdwQ,VRI Wegkantkasten hebben een kastmateriaal,[RSA] VRI Wegkantkasten hebben een kastmateriaal,1,[RSA] VRI Wegkantkasten hebben een kastmateriaal.xlsx
Report0095.py,1Z_q0uTdTuxKhUpT_BPZDcW-uiHXFc7WpStnu36IiSbc,VRI Wegkantkasten hebben een ingevulde verfraaid,[RSA] VRI Wegkantkasten hebben een ingevulde verfraaid,1,[RSA] VRI Wegkantkasten hebben een ingevulde verfraaid.xlsx
Report0096.py,1QprGpAuoCALC981B02kgAQJhj3CV1B6KYXPTF1pgacU,VRI Wegkantkasten hebben een type,[RSA] VRI Wegkantkasten hebben een type,1,[RSA] VRI Wegkantkasten hebben een type.xlsx
Report0097.py,1xmV-7Xn9fAozRtRBU_MueRcjEOMlfBTcIDoDkG-Y-Es,VRI Wegkantkasten hebben een toestand,[RSA] VRI Wegkantkasten hebben een toestand,1,[RSA] VRI Wegkantkasten hebben een toestand.xlsx
Report0098.py,1guhz-Sb-eBSFWEpf2Ayn1VboyTJG98lINM3_ppEROfA,VRI Wegkantkasten hebben een theoretische levensduur,[RSA] VRI Wegkantkasten hebben een theoretische levensduur,1,[RSA] VRI Wegkantkasten hebben een theoretische levensduur.xlsx
Report0099.py,1tTJMTTWFLY9VV0imGZPRSCrC4qEULV9tWviO8JBQIfA,VRI Wegkantkasten hebben een conforme naam,[RSA] VRI Wegkantkasten hebben een conforme naam,1,[RSA] VRI Wegkantkasten hebben een conforme naam.xlsx
Report0100.py,1MLoe5_exhht_bR2y9uTxPBaGIAObzwUqqHvWwBttRzk,Verkeersregelaars hebben een sturingsrelatie naar een TLCfiPoort,[RSA] Verkeersregelaars hebben een sturingsrelatie naar een TLCfiPoort,1,[RSA] Verkeersregelaars hebben een sturingsrelatie naar een TLCfiPoort.xlsx
Report0102.py,1fbnP-heDtQnG9Q5kF1DA_cn3cY7egNFRgXMB4QaZKZk,IMKLActivityComplex afgeleiden zonder toezichtgroep,[RSA] IMKLActivityComplex afgeleiden zonder toezichtgroep,1,[RSA] IMKLActivityComplex afgeleiden zonder toezichtgroep.xlsx
Report0105.py,1E1KECv6Sm7BfAZX2Hoy84vPGzi7YNZXImSMbHgizpm8,Overzicht aantallen OTL assettypes,[RSA] Overzicht aantallen OTL assettypes,1,[RSA] Overzicht aantallen OTL assettypes.xlsx
Report0106.py,1x9g0b_wQtLgkxnAwR_lffzVLdS3PElb3mLWtqItqkig,Geometrie is consistent met GeometrieArtefact,[RSA] Geometrie is consistent met GeometrieArtefact,1,[RSA] Geometrie is consistent met GeometrieArtefact.xlsx
Report0111.py,14g-EraRtSgEjC_f--Axt-6ZFWmgWvLhIXDvfw4DMBWQ,Verkeersregelaars hebben een vplanNummer volgens bepaalde syntax,[RSA] Verkeersregelaars hebben een vplanNummer volgens bepaalde syntax,1,[RSA] Verkeersregelaars hebben een vplanNummer volgens bepaalde syntax.xlsx
Report0112.py,1701KVEMJAco3NPxfgOtHP0byI9_MQ1yhb1EQ3ujvU9I,Verkeersregelaars hebben een vplanDatum,[RSA] Verkeersregelaars hebben een vplanDatum,1,[RSA] Verkeersregelaars hebben een vplanDatum.xlsx
Report0114.py,188xxFUa1uZ8GPgwB9a2c0gtkrdtacg5ft5TkODanatk,EAN Nummer niet als commentaar gedocumenteerd,[RSA] EAN Nummer niet als commentaar gedocumenteerd,1,[RSA] EAN Nummer niet als commentaar gedocumenteerd.xlsx
Report0118.py,1bpZLWgqFp6AsRqxaTCnvc8IqpnnmSnoajlCABGD4TbY,Elke installatie heeft een bestekkoppeling,[RSA] Elke installatie heeft een bestekkoppeling,1,[RSA] Elke installatie heeft een bestekkoppeling.xlsx
Report0119.py,1hGwws9A8U8F5dQZChGNDH4YOtiuB8LVq7Ovh93DmD2c,DNBHoogspanning en DNBLaagspanning hebben een installatieverantwoordelijke,[RSA] DNBHoogspanning en DNBLaagspanning hebben een installatieverantwoordelijke,1,[RSA] DNBHoogspanning en DNBLaagspanning hebben een installatieverantwoordelijke.xlsx
Report0121.py,1QPnohwuI7ziIFU2wac_9ZbOcJWr20asu4gvsr0t3x3E,Netwerkpoorten hebben een unieke naam,[RSA] Netwerkpoorten hebben een unieke naam,1,[RSA] Netwerkpoorten hebben een unieke naam.xlsx
Report0122.py,1kOEWxEfBVrft7bxM3F6YiQrNk3YFRXeZmr2edsvhuwQ,Netwerkpoorten hebben een naam,[RSA] Netwerkpoorten hebben een naam,1,[RSA] Netwerkpoorten hebben een naam.xlsx
Report0124.py,1Fia3N3bXG7LXBSbcst7jDM5N8Lr9HXHc3eCVcgNIdrM,KabelnetToegang HeeftNetwerktoegang tot een Behuizing,[RSA] KabelnetToegang HeeftNetwerktoegang tot een Behuizing,1,[RSA] KabelnetToegang HeeftNetwerktoegang tot een Behuizing.xlsx
Report0126.py,1_U31z99SVb2B_BbiXd9ZEB-tmwI4KYM17amUYWinkN0,KabelnetBuis HeeftNetwerktoegang tot een BeschermBuis,[RSA] KabelnetBuis HeeftNetwerktoegang tot een BeschermBuis,1,[RSA] KabelnetBuis HeeftNetwerktoegang tot een BeschermBuis.xlsx
Report0129.py,1bLfrHp7ETT6ZJwWshIiZRG81ID58LqaADks2ymPY_mM,Geometrie Linestring heeft identieke eindpunten en bevat maximum 2 punten,[RSA] Geometrie Linestring heeft identieke eindpunten en bevat maximum 2 punten,1,[RSA] Geometrie Linestring heeft identieke eindpunten en bevat maximum 2 punten.xlsx
Report0130.py,1sbY-T8UZqE-tau7Hu6860OLXjNQ0wuDC5AI-yov35NY,Geometrie Linestring heeft identieke eindpunten en bevat meer dan 2 punten,[RSA] Geometrie Linestring heeft identieke eindpunten en bevat meer dan 2 punten,1,[RSA] Geometrie Linestring heeft identieke eindpunten en bevat meer dan 2 punten.xlsx
Report0132.py,1bz0JRZABFCk54ZswUo85j_KY8Hn_9uYj-GnqTfif4vA,Actieve assets hebben een bijpassende AIMToestand,[RSA] Actieve assets hebben een bijpassende AIMToestand,1,[RSA] Actieve assets hebben een bijpassende AIMToestand.xlsx
Report0134.py,1_8Xqs3uVeOPrnWJfnOuXrDkuEzhC1TRd6ybWPKk3-m4,Overlappende gebouwen,[RSA] Overlappende gebouwen,1,[RSA] Overlappende gebouwen.xlsx
Report0136.py,1uYTd1vGSKMxxWbkbTjgpSo969ntXGj_-xXebBGXPdVY,Straatkolk heeft betrokkene relaties beheerder en verantwoordelijke-reiniging,[RSA] Straatkolk heeft betrokkene relaties beheerder en verantwoordelijke-reiniging,1,[RSA] Straatkolk heeft betrokkene relaties beheerder en verantwoordelijke-reiniging.xlsx
Report0142.py,124_Y-L0kp2pM67TY6jL4M1eHfZBl_6Nh8xFyFYnhK30,Dubbele Aanvullende Geometrie,[RSA] Dubbele Aanvullende Geometrie,1,[RSA] Dubbele Aanvullende Geometrie.xlsx
Report0143.py,1Vnn-fHvk0NtnmIeDXtTYByzna5qy62qz6zTZDSCxFos,Boom zonder naam,[RSA] Boom zonder naam,1,[RSA] Boom zonder naam.xlsx
Report0156.py,19CqxgnN3XzlVv6yIAi7Dh5JEykr0k-YBYNH4q4tcNu0,Assets met dubbele Betrokkene-relatie naar dezelfe rol,[RSA] Assets met dubbele Betrokkene-relatie naar dezelfe rol,1,[RSA] Assets met dubbele Betrokkene-relatie naar dezelfe rol.xlsx
Report0159.py,1kmBlXvNmBxi0r2e79ys_wjxbzG6uW2QAJWPts_9XhqI,Ontbrekende gegevens installaties VMHS,[RSA] Ontbrekende gegevens installaties VMHS,1,[RSA] Ontbrekende gegevens installaties VMHS.xlsx
Report0160.py,1VyZLJl1H98VHsVLX-qPCWBlfcvK0EtxMJ5ySiy-1ixI,Ontbrekende gegevens installaties Telematica,[RSA] Ontbrekende gegevens installaties Telematica,1,[RSA] Ontbrekende gegevens installaties Telematica.xlsx
Report0161.py,1TyJHTYKeiG2AIZ_440cXajbHReJZkaKuQGFVaipZmIA,Ontbrekende gegevens installaties BMI,[RSA] Ontbrekende gegevens installaties BMI,1,[RSA] Ontbrekende gegevens installaties BMI.xlsx
Report0162.py,1fytjc9wz3Cj5xGSYoNMxpArcxbFT8L4n1o-tHCai92Q,Ontbrekende gegevens installaties TOV,[RSA] Ontbrekende gegevens installaties TOV,1,[RSA] Ontbrekende gegevens installaties TOV.xlsx
Report0163.py,1hvS4b7uZ5py58ZXqFk32YAEtzMWbRuFax1Vw1ggCK4g,Ontbrekende gegevens installaties V&W-WA,[RSA] Ontbrekende gegevens installaties V&W-WA,1,[RSA] Ontbrekende gegevens installaties V&W-WA.xlsx
Report0164.py,1TrmBoXlONFeTMCnpWJYbI1a89j3ifcIL84MznbwqD0M,Ontbrekende gegevens installaties V&W-WL,[RSA] Ontbrekende gegevens installaties V&W-WL,1,[RSA] Ontbrekende gegevens installaties V&W-WL.xlsx
Report0165.py,1bkMk04TR3W-70hURnSfd4pOaehKtAkwLeFNNpBs9kN0,Ontbrekende gegevens installaties V&W-WO,[RSA] Ontbrekende gegevens installaties V&W-WO,1,[RSA] Ontbrekende gegevens installaties V&W-WO.xlsx
Report0166.py,1ZGme4bgZv63H0pV8BXgG2WLKpicmsCwPO2zA0_hXm5k,Ontbrekende gegevens installaties V&W-WVB,[RSA] Ontbrekende gegevens installaties V&W-WVB,1,[RSA] Ontbrekende gegevens installaties V&W-WVB.xlsx
Report0167.py,1_PM7lSbX5mmpmYqQuIoE0KisV6lXncL0jZ-TO1h7pgw,Ontbrekende gegevens installaties V&W-WW,[RSA] Ontbrekende gegevens installaties V&W-WW,1,[RSA] Ontbrekende gegevens installaties V&W-WW.xlsx
Report0168.py,1XdDDjAwQJA9XDIm3hYMcTmNOn1SeRbHQQ8mSgX-FG8Y,Ontbrekende gegevens installaties EW Overige,[RSA] Ontbrekende gegevens installaties EW Overige,1,[RSA] Ontbrekende gegevens installaties EW Overige.xlsx
Report0169.py,1nJCGkb1-RbNkU6B7vNMM2p26pbIeToCBVkaD9LSP71Y,Seinbruggen zijn 90 graden geöriënteerd,[RSA] Seinbruggen zijn 90 graden geöriënteerd,1,[RSA] Seinbruggen zijn 90 graden geöriënteerd.xlsx
Report0170.py,1XHAWkGnKse2bmZth1d0PybcvyWNDO-cv3QjokT1aOic,Actieve assets hebben een inactieve parent-asset,[RSA] Actieve assets hebben een inactieve parent-asset,1,[RSA] Actieve assets hebben een inactieve parent-asset.xlsx
Report0171.py,1t6s3fYOdRybNUOPXlI2O4sHACAb3tYcGlEHnelhogF4,Assets conform naamconventies OTL EW-Infrastructuur,[RSA] Assets conform naamconventies OTL EW-Infrastructuur,1,[RSA] Assets conform naamconventies OTL EW-Infrastructuur.xlsx
Report0173.py,1Lu1nSafM08GgwY1FHd4vnEN6qbS0Z4lI-H96gZzV8Z0,Legacy assets ontbreken een naampad,[RSA] Legacy assets ontbreken een naampad,1,[RSA] Legacy assets ontbreken een naampad.xlsx
Report0174.py,103WXbUchfGVpKN0eGTHc1X8-PJSq5rf2Ydz6FhePGFs,Assets van bepaalde assettypes hebben een unieke naam,[RSA] Assets van bepaalde assettypes hebben een unieke naam,1,[RSA] Assets van bepaalde assettypes hebben een unieke naam.xlsx
Report0179.py,1KoN2tfOLSmJJ6OT540hyIwkf3MXX6vrnnLkONS-nIis,Assets gelinkt aan bestekken zonder aannemer,[RSA] Assets gelinkt aan bestekken zonder aannemer,1,[RSA] Assets gelinkt aan bestekken zonder aannemer.xlsx
Report0180.py,1CQgzLh1L0qEdVpjRz2NiKnZPkIuphc8BvOk1J8a1q_0,SegmentControllers hun serienummer volgt een bepaalde regex validatie,[RSA] SegmentControllers hun serienummer volgt een bepaalde regex validatie,1,[RSA] SegmentControllers hun serienummer volgt een bepaalde regex validatie.xlsx
Report0181.py,1GDwzQP9TxQuMDc6_B57tx8ct_gjkoTQhvNQcil5iETo,Wetenschappelijke notaties komen niet voor,[RSA] Wetenschappelijke notaties komen niet voor,1,[RSA] Wetenschappelijke notaties komen niet voor.xlsx
Report0182.py,1cQ9yN9I9UT2BAtTAcOJmZkO-A2zuxdSu_9zkP1j5LMs,Teletransmissieverbinding (TT) ODF zonder enige HoortBij-relatie naar een KabelnetToegang,[RSA] Teletransmissieverbinding (TT) ODF zonder enige HoortBij-relatie naar een KabelnetToegang,1,[RSA] Teletransmissieverbinding (TT) ODF zonder enige HoortBij-relatie naar een KabelnetToegang.xlsx
Report0183.py,1xrzVWW4K4InhtoDMF3ETxcbZSo1MmyUy4EtbAAoMEmY,Teletransmissieverbinding (TT) ODF met meerdere HoortBij-relaties naar een KabelnetToegang,[RSA] Teletransmissieverbinding (TT) ODF met meerdere HoortBij-relaties naar een KabelnetToegang,1,[RSA] Teletransmissieverbinding (TT) ODF met meerdere HoortBij-relaties naar een KabelnetToegang.xlsx
Report0185.py,1cR7109F1_7iW0OVc65zMIOkAj-qUKH7S_Z012VIQP5U,IP Netwerkelementen hebben dezelfde locatie als hun Bijhorende legacy object van type IP,[RSA] IP Netwerkelementen hebben dezelfde locatie als hun Bijhorende legacy object van type IP,1,[RSA] IP Netwerkelementen hebben dezelfde locatie als hun Bijhorende legacy object van type IP.xlsx
Report0186.py,1wZ4Z9wNQG95zK_Bj5Z3d5jsHTfJWC9OrlvWJ4ulhVeM,Bevestigingsrelatie bestaat tussen PTVerwerkingseenheid en PTDemodulatoren,[RSA] Bevestigingsrelatie bestaat tussen PTVerwerkingseenheid en PTDemodulatoren,1,[RSA] Bevestigingsrelatie bestaat tussen PTVerwerkingseenheid en PTDemodulatoren.xlsx
Report0192.py,1vcrJrrS3kXC4hiP9QiDY2WbxCm40CwCW_nEKCP4Q55o,Overzicht van het aantal Bezoekt-relaties per bron- en doelassettype,[RSA] Overzicht van het aantal Bezoekt-relaties per bron- en doelassettype,1,[RSA] Overzicht van het aantal Bezoekt-relaties per bron- en doelassettype.xlsx
Report0196.py,1dgAGfvuGBCnW4oWXm0eUJMqSv6PXbbtAEEmNNUdOmwk,Lichtmast heeft een locatie,[RSA] Lichtmast heeft een locatie,1,[RSA] Lichtmast heeft een locatie.xlsx
Report0197.py,1fyJRTZc_yDiC5h1BRzJvW0AxWJxaSVL5CK5ETbGdXc0,Asset (Legacy) heeft een inactieve toezichter,[RSA] Asset (Legacy) heeft een inactieve toezichter,1,[RSA] Asset (Legacy) heeft een inactieve toezichter.xlsx
Report0198.py,1c-dKxkczJRFVNEvNoXIem-HZ3e68Cx7yawfTg0rjNXg,Asset (OTL) heeft een inactieve toezichter,[RSA] Asset (OTL) heeft een inactieve toezichter,1,[RSA] Asset (OTL) heeft een inactieve toezichter.xlsx
Report0199.py,1hxBCVXI5mTzZ9Xc6sz6nBRtnNMWVZ-lDslutSIw1UOs,Seinbrug is een punt,[RSA] Seinbrug is een punt,1,[RSA] Seinbrug is een punt.xlsx
Report0201.py,1VNme4tAQ0KJ5TZpyK3DikNfX7yftgCeKM6y8VLvEc9g,Naamgeving overzicht,[RSA] Naamgeving overzicht,1,[RSA] Naamgeving overzicht.xlsx
Report0202.py,1shR393J5PkEGkIRgnoNr-jzFQrvcYKkzTdg2zPEiEqk,VPLMast (Legacy) heeft meerdere bijhorende WVLichtmast (OTL),[RSA] VPLMast (Legacy) heeft meerdere bijhorende WVLichtmast (OTL),1,[RSA] VPLMast (Legacy) heeft meerdere bijhorende WVLichtmast (OTL).xlsx
Report0203.py,1xYdxsueQXhLUm-G6fX8dnKaaltrkApuxeTfjRW_KGJc,Kast (Legacy) heeft hoogstens één Laagspanning via de Bevestiging-relatie,[RSA] Kast (Legacy) heeft hoogstens één Laagspanning via de Bevestiging-relatie,1,[RSA] Kast (Legacy) heeft hoogstens één Laagspanning via de Bevestiging-relatie.xlsx
Report0204.py,171FTB1SvDW3oe2EQ-loH-EX2w-1JRjmRce38XzS4cUA,Kast (Legacy) heeft hoogstens één Laagspanningsdeel via de Bevestiging-relatie,[RSA] Kast (Legacy) heeft hoogstens één Laagspanningsdeel via de Bevestiging-relatie,1,[RSA] Kast (Legacy) heeft hoogstens één Laagspanningsdeel via de Bevestiging-relatie.xlsx
Report0205.py,1QCPpgI_7lIrA5dC4CwI1igOLiprs-3Ou-W_2N_wHkqI,Kast (Legacy) ontbreekt een Bevestiging-relatie naar een Laagspanning,[RSA] Kast (Legacy) ontbreekt een Bevestiging-relatie naar een Laagspanning,1,[RSA] Kast (Legacy) ontbreekt een Bevestiging-relatie naar een Laagspanning.xlsx
Report0206.py,12za25MNv7MZoDXKr51OuywhzajmLuQybMCI1WmIBiUs,Kast (Legacy) ontbreekt een Bevestiging-relatie naar een Laagspanningsdeel,[RSA] Kast (Legacy) ontbreekt een Bevestiging-relatie naar een Laagspanningsdeel,1,[RSA] Kast (Legacy) ontbreekt een Bevestiging-relatie naar een Laagspanningsdeel.xlsx
Report0207.py,1jAsjLusMxrlyNb9IQlxo3IT70fLrfPoXtc5QplRAgGU,HSCabineLegacy (Legacy) heeft hoogstens één Hoogspanning via de Bevestiging-relatie,[RSA] HSCabineLegacy (Legacy) heeft hoogstens één Hoogspanning via de Bevestiging-relatie,1,[RSA] HSCabineLegacy (Legacy) heeft hoogstens één Hoogspanning via de Bevestiging-relatie.xlsx
Report0208.py,1HgSbC_isvc31OTyYNe7P9Co294HyKXcISXcO-2Y9wy4,HSCabineLegacy (Legacy) heeft hoogstens één Hoogspanningsdeel via de Bevestiging-relatie,[RSA] HSCabineLegacy (Legacy) heeft hoogstens één Hoogspanningsdeel via de Bevestiging-relatie,1,[RSA] HSCabineLegacy (Legacy) heeft hoogstens één Hoogspanningsdeel via de Bevestiging-relatie.xlsx
Report0209.py,1_z8fp2h6JCWdCAX5XozBuylPa2r-4CKlQkBKhd5OM9E,HSCabineLegacy (Legacy) onbtreekt een Bevestiging-relatie naar een Hoogspanning,[RSA] HSCabineLegacy (Legacy) onbtreekt een Bevestiging-relatie naar een Hoogspanning,1,[RSA] HSCabineLegacy (Legacy) onbtreekt een Bevestiging-relatie naar een Hoogspanning.xlsx
Report0210.py,14djKCmoRIQsKSlcPb2oJCw-PoQfRn0oDqfj2QGtnqEU,HSCabineLegacy (Legacy) ontbreekt een Bevestiging-relatie naar een Hoogspanningsdeel,[RSA] HSCabineLegacy (Legacy) ontbreekt een Bevestiging-relatie naar een Hoogspanningsdeel,1,[RSA] HSCabineLegacy (Legacy) ontbreekt een Bevestiging-relatie naar een Hoogspanningsdeel.xlsx
Report0211.py,1AztJXPe2irCDmu3dJuRB9TMvCXOrU-y9qnrnFR4vnhg,Dubbele niet-gerichte relatie tussen assets,[RSA] Dubbele niet-gerichte relatie tussen assets,1,[RSA] Dubbele niet-gerichte relatie tussen assets.xlsx
Report0212.py,1F4lMZPKRjWWEq7Q5dbjO4lN1yBD_VNs-LXC3X56CoQ4,Assets met DA- in diens naampad,[RSA] Assets met DA- in diens naampad,1,[RSA] Assets met DA- in diens naampad.xlsx
Report0213.py,1JK1zb3RP-mwDgcbenxjfSAcbWjCrMaq0vluRdhKIwQs,Laagspanning (LS) is bevestigd aan een Kast (Legacy),[RSA] Laagspanning (LS) is bevestigd aan een Kast (Legacy),1,[RSA] Laagspanning (LS) is bevestigd aan een Kast (Legacy).xlsx
Report0214.py,1VaF3IRiF5lFOkh_hK4_PvTqYanhiaRzvJX_lqmWbn3g,Laagspanning (LS) is nergens aan bevestigd,[RSA] Laagspanning (LS) is nergens aan bevestigd,1,[RSA] Laagspanning (LS) is nergens aan bevestigd.xlsx
Report0215.py,1gmrHAnR-t459u8jY9hfoidWo3hRWg7zRY6aRDSgW2lM,Actieve assets (Legacy) wiens assettype inactief is,[RSA] Actieve assets (Legacy) wiens assettype inactief is,1,[RSA] Actieve assets (Legacy) wiens assettype inactief is.xlsx
Report0217.py,1d1OEDsFjaDU11mIi7J5CVVx-UTiP8p0A5VmIO03YuO0,"Toezichtsgroep ontbreekt voor voeding-assets (LS, LSDeel, HS, HSDeel, HSCabine)","[RSA] Toezichtsgroep ontbreekt voor voeding-assets (LS, LSDeel, HS, HSDeel, HSCabine)",1,"[RSA] Toezichtsgroep ontbreekt voor voeding-assets (LS, LSDeel, HS, HSDeel, HSCabine).xlsx"
Report0218.py,1wxPYC35mwexrhWDEX6FQ_xcr_ZdLX6D4PY0g11nwl1U,"Locatie ontbreekt voor voeding-assets (LS, LSDeel, HS, HSDeel, HSCabine, SegmentController, Afstandsbewaking)","[RSA] Locatie ontbreekt voor voeding-assets (LS, LSDeel, HS, HSDeel, HSCabine, SegmentController, Afstandsbewaking)",1,"[RSA] Locatie ontbreekt voor voeding-assets (LS, LSDeel, HS, HSDeel, HSCabine, SegmentController, Afstandsbewaking).xlsx"
